Point,Corner,temperature,vgs,Pass/Fail,Vthn,gmn,Ron,Id,Ids
2,nom,-40,0,,499.6e-3,2.502e-12,14.07e12,63.98e-15,63.98e-15
8,nom,-40,18.18e-3,,499.6e-3,5.095e-12,6.909e12,130.3e-15,130.3e-15
14,nom,-40,36.36e-3,,499.6e-3,10.37e-12,3.393e12,265.2e-15,265.2e-15
20,nom,-40,54.55e-3,,499.6e-3,21.11e-12,1.667e12,540e-15,540e-15
26,nom,-40,72.73e-3,,499.6e-3,42.97e-12,818.7e9,1.099e-12,1.099e-12
32,nom,-40,90.91e-3,,499.6e-3,87.45e-12,402.2e9,2.238e-12,2.238e-12
38,nom,-40,109.1e-3,,499.6e-3,177.9e-12,197.7e9,4.553e-12,4.553e-12
44,nom,-40,127.3e-3,,499.6e-3,361.7e-12,97.16e9,9.263e-12,9.263e-12
50,nom,-40,145.5e-3,,499.6e-3,734.9e-12,47.78e9,18.83e-12,18.83e-12
56,nom,-40,163.6e-3,,499.6e-3,1.491e-9,23.52e9,38.27e-12,38.27e-12
62,nom,-40,181.8e-3,,499.6e-3,3.022e-9,11.58e9,77.69e-12,77.69e-12
68,nom,-40,200e-3,,499.6e-3,6.111e-9,5.715e9,157.5e-12,157.5e-12
74,nom,-40,218.2e-3,,499.6e-3,12.31e-9,2.826e9,318.5e-12,318.5e-12
80,nom,-40,236.4e-3,,499.6e-3,24.7e-9,1.401e9,642.2e-12,642.2e-12
86,nom,-40,254.5e-3,,499.6e-3,49.19e-9,698.2e6,1.289e-9,1.289e-9
92,nom,-40,272.7e-3,,499.6e-3,97.01e-9,350.1e6,2.57e-9,2.57e-9
98,nom,-40,290.9e-3,,499.6e-3,188.7e-9,177.2e6,5.079e-9,5.079e-9
104,nom,-40,309.1e-3,,499.6e-3,360.3e-9,90.8e6,9.911e-9,9.911e-9
110,nom,-40,327.3e-3,,499.6e-3,671.3e-9,47.32e6,19.02e-9,19.02e-9
116,nom,-40,345.5e-3,,499.6e-3,1.214e-6,25.2e6,35.72e-9,35.72e-9
122,nom,-40,363.6e-3,,499.6e-3,2.118e-6,13.77e6,65.34e-9,65.34e-9
128,nom,-40,381.8e-3,,499.6e-3,3.557e-6,7.761e6,116e-9,116e-9
134,nom,-40,400e-3,,499.6e-3,5.747e-6,4.517e6,199.2e-9,199.2e-9
140,nom,-40,418.2e-3,,499.6e-3,8.943e-6,2.719e6,331e-9,331e-9
146,nom,-40,436.4e-3,,499.6e-3,13.44e-6,1.691e6,532.3e-9,532.3e-9
152,nom,-40,454.5e-3,,499.6e-3,19.55e-6,1.085e6,829.5e-9,829.5e-9
158,nom,-40,472.7e-3,,499.6e-3,27.59e-6,717.2e3,1.255e-6,1.255e-6
164,nom,-40,490.9e-3,,499.6e-3,37.76e-6,487.6e3,1.846e-6,1.846e-6
170,nom,-40,509.1e-3,,499.6e-3,50.16e-6,340.7e3,2.642e-6,2.642e-6
176,nom,-40,527.3e-3,,499.6e-3,64.63e-6,244.4e3,3.682e-6,3.682e-6
182,nom,-40,545.5e-3,,499.6e-3,80.85e-6,179.9e3,5.002e-6,5.002e-6
188,nom,-40,563.6e-3,,499.6e-3,98.3e-6,135.8e3,6.629e-6,6.629e-6
194,nom,-40,581.8e-3,,499.6e-3,116.4e-6,104.9e3,8.58e-6,8.58e-6
200,nom,-40,600e-3,,499.6e-3,134.7e-6,82.86e3,10.86e-6,10.86e-6
206,nom,-40,618.2e-3,,499.6e-3,152.7e-6,66.79e3,13.47e-6,13.47e-6
212,nom,-40,636.4e-3,,499.7e-3,170e-6,54.85e3,16.41e-6,16.41e-6
218,nom,-40,654.5e-3,,499.7e-3,186.5e-6,45.81e3,19.65e-6,19.65e-6
224,nom,-40,672.7e-3,,499.7e-3,202e-6,38.83e3,23.18e-6,23.18e-6
230,nom,-40,690.9e-3,,499.7e-3,216.5e-6,33.35e3,26.98e-6,26.98e-6
236,nom,-40,709.1e-3,,499.7e-3,230.1e-6,28.99e3,31.04e-6,31.04e-6
242,nom,-40,727.3e-3,,499.7e-3,242.6e-6,25.47e3,35.34e-6,35.34e-6
248,nom,-40,745.5e-3,,499.7e-3,254.3e-6,22.58e3,39.85e-6,39.85e-6
254,nom,-40,763.6e-3,,499.7e-3,265.1e-6,20.19e3,44.57e-6,44.57e-6
260,nom,-40,781.8e-3,,499.7e-3,275.1e-6,18.19e3,49.48e-6,49.48e-6
266,nom,-40,800e-3,,499.7e-3,284.4e-6,16.49e3,54.57e-6,54.57e-6
272,nom,-40,818.2e-3,,499.7e-3,293e-6,15.05e3,59.81e-6,59.81e-6
278,nom,-40,836.4e-3,,499.7e-3,301e-6,13.8e3,65.21e-6,65.21e-6
284,nom,-40,854.5e-3,,499.7e-3,308.4e-6,12.72e3,70.75e-6,70.75e-6
290,nom,-40,872.7e-3,,499.7e-3,315.2e-6,11.78e3,76.41e-6,76.41e-6
296,nom,-40,890.9e-3,,499.7e-3,321.6e-6,10.95e3,82.2e-6,82.2e-6
302,nom,-40,909.1e-3,,499.7e-3,327.5e-6,10.22e3,88.09e-6,88.09e-6
308,nom,-40,927.3e-3,,499.7e-3,332.9e-6,9.565e3,94.09e-6,94.09e-6
314,nom,-40,945.5e-3,,499.7e-3,337.9e-6,8.983e3,100.2e-6,100.2e-6
320,nom,-40,963.6e-3,,499.7e-3,342.6e-6,8.461e3,106.4e-6,106.4e-6
326,nom,-40,981.8e-3,,499.7e-3,346.8e-6,7.991e3,112.6e-6,112.6e-6
332,nom,-40,1,,499.7e-3,350.8e-6,7.565e3,119e-6,119e-6
338,nom,-40,1.018,,499.7e-3,354.4e-6,7.179e3,125.4e-6,125.4e-6
344,nom,-40,1.036,,499.7e-3,357.7e-6,6.827e3,131.8e-6,131.8e-6
350,nom,-40,1.055,,499.7e-3,360.7e-6,6.505e3,138.4e-6,138.4e-6
356,nom,-40,1.073,,499.7e-3,363.4e-6,6.21e3,144.9e-6,144.9e-6
362,nom,-40,1.091,,499.7e-3,365.9e-6,5.938e3,151.6e-6,151.6e-6
368,nom,-40,1.109,,499.7e-3,368.1e-6,5.688e3,158.2e-6,158.2e-6
374,nom,-40,1.127,,499.7e-3,370.1e-6,5.457e3,164.9e-6,164.9e-6
380,nom,-40,1.145,,499.7e-3,371.9e-6,5.243e3,171.7e-6,171.7e-6
386,nom,-40,1.164,,499.7e-3,373.4e-6,5.044e3,178.4e-6,178.4e-6
392,nom,-40,1.182,,499.7e-3,374.8e-6,4.859e3,185.2e-6,185.2e-6
398,nom,-40,1.2,,499.7e-3,376e-6,4.686e3,192.1e-6,192.1e-6
404,nom,-40,1.218,,499.7e-3,377e-6,4.525e3,198.9e-6,198.9e-6
410,nom,-40,1.236,,499.7e-3,377.8e-6,4.374e3,205.7e-6,205.7e-6
416,nom,-40,1.255,,499.8e-3,378.5e-6,4.233e3,212.6e-6,212.6e-6
422,nom,-40,1.273,,499.8e-3,379e-6,4.1e3,219.5e-6,219.5e-6
428,nom,-40,1.291,,499.8e-3,379.4e-6,3.976e3,226.4e-6,226.4e-6
434,nom,-40,1.309,,499.8e-3,379.6e-6,3.858e3,233.3e-6,233.3e-6
440,nom,-40,1.327,,499.8e-3,379.7e-6,3.747e3,240.2e-6,240.2e-6
446,nom,-40,1.345,,499.8e-3,379.7e-6,3.643e3,247.1e-6,247.1e-6
452,nom,-40,1.364,,499.8e-3,379.5e-6,3.544e3,254e-6,254e-6
458,nom,-40,1.382,,499.8e-3,379.2e-6,3.45e3,260.9e-6,260.9e-6
464,nom,-40,1.4,,499.8e-3,378.9e-6,3.361e3,267.7e-6,267.7e-6
470,nom,-40,1.418,,499.8e-3,378.4e-6,3.277e3,274.6e-6,274.6e-6
476,nom,-40,1.436,,499.8e-3,377.8e-6,3.197e3,281.5e-6,281.5e-6
482,nom,-40,1.455,,499.8e-3,377.1e-6,3.121e3,288.3e-6,288.3e-6
488,nom,-40,1.473,,499.8e-3,376.3e-6,3.049e3,295.2e-6,295.2e-6
494,nom,-40,1.491,,499.8e-3,375.4e-6,2.98e3,302e-6,302e-6
500,nom,-40,1.509,,499.8e-3,374.5e-6,2.914e3,308.8e-6,308.8e-6
506,nom,-40,1.527,,499.8e-3,373.4e-6,2.852e3,315.6e-6,315.6e-6
512,nom,-40,1.545,,499.8e-3,372.3e-6,2.792e3,322.4e-6,322.4e-6
518,nom,-40,1.564,,499.8e-3,371e-6,2.734e3,329.1e-6,329.1e-6
524,nom,-40,1.582,,499.8e-3,369.8e-6,2.68e3,335.9e-6,335.9e-6
530,nom,-40,1.6,,499.8e-3,368.4e-6,2.627e3,342.6e-6,342.6e-6
536,nom,-40,1.618,,499.8e-3,366.9e-6,2.577e3,349.2e-6,349.2e-6
542,nom,-40,1.636,,499.8e-3,365.4e-6,2.529e3,355.9e-6,355.9e-6
548,nom,-40,1.655,,499.8e-3,363.8e-6,2.483e3,362.5e-6,362.5e-6
554,nom,-40,1.673,,499.8e-3,362.1e-6,2.438e3,369.1e-6,369.1e-6
560,nom,-40,1.691,,499.8e-3,360.4e-6,2.396e3,375.7e-6,375.7e-6
566,nom,-40,1.709,,499.8e-3,358.6e-6,2.355e3,382.2e-6,382.2e-6
572,nom,-40,1.727,,499.8e-3,356.7e-6,2.315e3,388.7e-6,388.7e-6
578,nom,-40,1.745,,499.8e-3,354.8e-6,2.278e3,395.2e-6,395.2e-6
584,nom,-40,1.764,,499.9e-3,352.8e-6,2.241e3,401.6e-6,401.6e-6
590,nom,-40,1.782,,499.9e-3,350.7e-6,2.206e3,408e-6,408e-6
596,nom,-40,1.8,,499.9e-3,348.5e-6,2.172e3,414.3e-6,414.3e-6
3,nom,13.75,0,,461.2e-3,111.5e-12,256.3e9,3.512e-12,3.512e-12
9,nom,13.75,18.18e-3,,461.2e-3,198.6e-12,143.9e9,6.256e-12,6.256e-12
15,nom,13.75,36.36e-3,,461.2e-3,353.5e-12,80.79e9,11.14e-12,11.14e-12
21,nom,13.75,54.55e-3,,461.2e-3,629e-12,45.38e9,19.83e-12,19.83e-12
27,nom,13.75,72.73e-3,,461.2e-3,1.119e-9,25.5e9,35.3e-12,35.3e-12
33,nom,13.75,90.91e-3,,461.2e-3,1.988e-9,14.33e9,62.79e-12,62.79e-12
39,nom,13.75,109.1e-3,,461.2e-3,3.528e-9,8.064e9,111.6e-12,111.6e-12
45,nom,13.75,127.3e-3,,461.2e-3,6.254e-9,4.541e9,198.2e-12,198.2e-12
51,nom,13.75,145.5e-3,,461.2e-3,11.06e-9,2.56e9,351.5e-12,351.5e-12
57,nom,13.75,163.6e-3,,461.2e-3,19.52e-9,1.446e9,622.4e-12,622.4e-12
63,nom,13.75,181.8e-3,,461.2e-3,34.33e-9,818.5e6,1.1e-9,1.1e-9
69,nom,13.75,200e-3,,461.2e-3,60.09e-9,464.7e6,1.937e-9,1.937e-9
75,nom,13.75,218.2e-3,,461.2e-3,104.6e-9,264.9e6,3.397e-9,3.397e-9
81,nom,13.75,236.4e-3,,461.2e-3,180.6e-9,151.8e6,5.928e-9,5.928e-9
87,nom,13.75,254.5e-3,,461.2e-3,308.7e-9,87.58e6,10.28e-9,10.28e-9
93,nom,13.75,272.7e-3,,461.2e-3,521.5e-9,50.95e6,17.66e-9,17.66e-9
99,nom,13.75,290.9e-3,,461.2e-3,868.3e-9,29.95e6,30.05e-9,30.05e-9
105,nom,13.75,309.1e-3,,461.2e-3,1.422e-6,17.83e6,50.48e-9,50.48e-9
111,nom,13.75,327.3e-3,,461.2e-3,2.283e-6,10.77e6,83.6e-9,83.6e-9
117,nom,13.75,345.5e-3,,461.2e-3,3.593e-6,6.607e6,136.2e-9,136.2e-9
123,nom,13.75,363.6e-3,,461.2e-3,5.529e-6,4.128e6,218e-9,218e-9
129,nom,13.75,381.8e-3,,461.2e-3,8.305e-6,2.629e6,342.4e-9,342.4e-9
135,nom,13.75,400e-3,,461.2e-3,12.15e-6,1.709e6,526.5e-9,526.5e-9
141,nom,13.75,418.2e-3,,461.2e-3,17.26e-6,1.137e6,791.9e-9,791.9e-9
147,nom,13.75,436.4e-3,,461.2e-3,23.79e-6,774e3,1.163e-6,1.163e-6
153,nom,13.75,454.5e-3,,461.2e-3,31.76e-6,540.3e3,1.666e-6,1.666e-6
159,nom,13.75,472.7e-3,,461.2e-3,41.12e-6,386.9e3,2.326e-6,2.326e-6
165,nom,13.75,490.9e-3,,461.2e-3,51.71e-6,284.1e3,3.168e-6,3.168e-6
171,nom,13.75,509.1e-3,,461.2e-3,63.29e-6,213.7e3,4.212e-6,4.212e-6
177,nom,13.75,527.3e-3,,461.2e-3,75.6e-6,164.4e3,5.474e-6,5.474e-6
183,nom,13.75,545.5e-3,,461.2e-3,88.35e-6,129.2e3,6.963e-6,6.963e-6
189,nom,13.75,563.6e-3,,461.2e-3,101.3e-6,103.6e3,8.687e-6,8.687e-6
195,nom,13.75,581.8e-3,,461.2e-3,114.2e-6,84.54e3,10.65e-6,10.65e-6
201,nom,13.75,600e-3,,461.2e-3,126.9e-6,70.11e3,12.84e-6,12.84e-6
207,nom,13.75,618.2e-3,,461.2e-3,139.2e-6,59e3,15.26e-6,15.26e-6
213,nom,13.75,636.4e-3,,461.2e-3,151.1e-6,50.3e3,17.89e-6,17.89e-6
219,nom,13.75,654.5e-3,,461.2e-3,162.4e-6,43.39e3,20.74e-6,20.74e-6
225,nom,13.75,672.7e-3,,461.2e-3,173.2e-6,37.83e3,23.79e-6,23.79e-6
231,nom,13.75,690.9e-3,,461.2e-3,183.5e-6,33.29e3,27.04e-6,27.04e-6
237,nom,13.75,709.1e-3,,461.2e-3,193.2e-6,29.55e3,30.46e-6,30.46e-6
243,nom,13.75,727.3e-3,,461.2e-3,202.3e-6,26.43e3,34.05e-6,34.05e-6
249,nom,13.75,745.5e-3,,461.2e-3,211e-6,23.8e3,37.81e-6,37.81e-6
255,nom,13.75,763.6e-3,,461.2e-3,219.2e-6,21.57e3,41.72e-6,41.72e-6
261,nom,13.75,781.8e-3,,461.2e-3,226.8e-6,19.66e3,45.77e-6,45.77e-6
267,nom,13.75,800e-3,,461.2e-3,234.1e-6,18.01e3,49.96e-6,49.96e-6
273,nom,13.75,818.2e-3,,461.2e-3,240.9e-6,16.58e3,54.27e-6,54.27e-6
279,nom,13.75,836.4e-3,,461.2e-3,247.3e-6,15.33e3,58.71e-6,58.71e-6
285,nom,13.75,854.5e-3,,461.2e-3,253.4e-6,14.23e3,63.26e-6,63.26e-6
291,nom,13.75,872.7e-3,,461.2e-3,259.1e-6,13.25e3,67.92e-6,67.92e-6
297,nom,13.75,890.9e-3,,461.2e-3,264.4e-6,12.38e3,72.67e-6,72.67e-6
303,nom,13.75,909.1e-3,,461.2e-3,269.4e-6,11.61e3,77.52e-6,77.52e-6
309,nom,13.75,927.3e-3,,461.2e-3,274.1e-6,10.91e3,82.46e-6,82.46e-6
315,nom,13.75,945.5e-3,,461.2e-3,278.5e-6,10.29e3,87.48e-6,87.48e-6
321,nom,13.75,963.6e-3,,461.2e-3,282.7e-6,9.722e3,92.58e-6,92.58e-6
327,nom,13.75,981.8e-3,,461.2e-3,286.5e-6,9.207e3,97.75e-6,97.75e-6
333,nom,13.75,1,,461.2e-3,290.1e-6,8.739e3,103e-6,103e-6
339,nom,13.75,1.018,,461.2e-3,293.5e-6,8.311e3,108.3e-6,108.3e-6
345,nom,13.75,1.036,,461.2e-3,296.6e-6,7.919e3,113.6e-6,113.6e-6
351,nom,13.75,1.055,,461.2e-3,299.5e-6,7.559e3,119.1e-6,119.1e-6
357,nom,13.75,1.073,,461.2e-3,302.2e-6,7.227e3,124.5e-6,124.5e-6
363,nom,13.75,1.091,,461.2e-3,304.7e-6,6.921e3,130e-6,130e-6
369,nom,13.75,1.109,,461.2e-3,307e-6,6.637e3,135.6e-6,135.6e-6
375,nom,13.75,1.127,,461.2e-3,309.1e-6,6.374e3,141.2e-6,141.2e-6
381,nom,13.75,1.145,,461.2e-3,311e-6,6.13e3,146.8e-6,146.8e-6
387,nom,13.75,1.164,,461.3e-3,312.7e-6,5.902e3,152.5e-6,152.5e-6
393,nom,13.75,1.182,,461.3e-3,314.3e-6,5.689e3,158.2e-6,158.2e-6
399,nom,13.75,1.2,,461.3e-3,315.7e-6,5.491e3,163.9e-6,163.9e-6
405,nom,13.75,1.218,,461.3e-3,317e-6,5.305e3,169.7e-6,169.7e-6
411,nom,13.75,1.236,,461.3e-3,318.1e-6,5.13e3,175.4e-6,175.4e-6
417,nom,13.75,1.255,,461.3e-3,319.1e-6,4.967e3,181.2e-6,181.2e-6
423,nom,13.75,1.273,,461.3e-3,319.9e-6,4.812e3,187e-6,187e-6
429,nom,13.75,1.291,,461.3e-3,320.6e-6,4.667e3,192.8e-6,192.8e-6
435,nom,13.75,1.309,,461.3e-3,321.1e-6,4.53e3,198.7e-6,198.7e-6
441,nom,13.75,1.327,,461.3e-3,321.6e-6,4.401e3,204.5e-6,204.5e-6
447,nom,13.75,1.345,,461.3e-3,321.9e-6,4.279e3,210.3e-6,210.3e-6
453,nom,13.75,1.364,,461.3e-3,322.1e-6,4.163e3,216.2e-6,216.2e-6
459,nom,13.75,1.382,,461.3e-3,322.2e-6,4.053e3,222e-6,222e-6
465,nom,13.75,1.4,,461.3e-3,322.2e-6,3.949e3,227.9e-6,227.9e-6
471,nom,13.75,1.418,,461.3e-3,322.1e-6,3.85e3,233.8e-6,233.8e-6
477,nom,13.75,1.436,,461.3e-3,321.9e-6,3.756e3,239.6e-6,239.6e-6
483,nom,13.75,1.455,,461.3e-3,321.5e-6,3.667e3,245.4e-6,245.4e-6
489,nom,13.75,1.473,,461.3e-3,321.1e-6,3.582e3,251.3e-6,251.3e-6
495,nom,13.75,1.491,,461.3e-3,320.6e-6,3.5e3,257.1e-6,257.1e-6
501,nom,13.75,1.509,,461.3e-3,320e-6,3.423e3,262.9e-6,262.9e-6
507,nom,13.75,1.527,,461.3e-3,319.3e-6,3.349e3,268.7e-6,268.7e-6
513,nom,13.75,1.545,,461.3e-3,318.5e-6,3.278e3,274.5e-6,274.5e-6
519,nom,13.75,1.564,,461.3e-3,317.6e-6,3.211e3,280.3e-6,280.3e-6
525,nom,13.75,1.582,,461.3e-3,316.6e-6,3.146e3,286.1e-6,286.1e-6
531,nom,13.75,1.6,,461.3e-3,315.6e-6,3.084e3,291.8e-6,291.8e-6
537,nom,13.75,1.618,,461.3e-3,314.4e-6,3.025e3,297.5e-6,297.5e-6
543,nom,13.75,1.636,,461.3e-3,313.2e-6,2.968e3,303.2e-6,303.2e-6
549,nom,13.75,1.655,,461.3e-3,311.9e-6,2.914e3,308.9e-6,308.9e-6
555,nom,13.75,1.673,,461.3e-3,310.4e-6,2.861e3,314.6e-6,314.6e-6
561,nom,13.75,1.691,,461.3e-3,309e-6,2.811e3,320.2e-6,320.2e-6
567,nom,13.75,1.709,,461.3e-3,307.4e-6,2.763e3,325.8e-6,325.8e-6
573,nom,13.75,1.727,,461.3e-3,305.7e-6,2.716e3,331.3e-6,331.3e-6
579,nom,13.75,1.745,,461.3e-3,303.9e-6,2.672e3,336.9e-6,336.9e-6
585,nom,13.75,1.764,,461.4e-3,302.1e-6,2.629e3,342.4e-6,342.4e-6
591,nom,13.75,1.782,,461.4e-3,300.2e-6,2.587e3,347.9e-6,347.9e-6
597,nom,13.75,1.8,,461.4e-3,298.1e-6,2.547e3,353.3e-6,353.3e-6
1,nom,27,0,,451.7e-3,229.4e-12,119.1e9,7.559e-12,7.559e-12
7,nom,27,18.18e-3,,451.7e-3,398e-12,68.59e9,13.12e-12,13.12e-12
13,nom,27,36.36e-3,,451.7e-3,690.3e-12,39.52e9,22.77e-12,22.77e-12
19,nom,27,54.55e-3,,451.7e-3,1.197e-9,22.78e9,39.51e-12,39.51e-12
25,nom,27,72.73e-3,,451.7e-3,2.073e-9,13.14e9,68.51e-12,68.51e-12
31,nom,27,90.91e-3,,451.7e-3,3.587e-9,7.581e9,118.7e-12,118.7e-12
37,nom,27,109.1e-3,,451.7e-3,6.2e-9,4.379e9,205.5e-12,205.5e-12
43,nom,27,127.3e-3,,451.7e-3,10.7e-9,2.532e9,355.5e-12,355.5e-12
49,nom,27,145.5e-3,,451.7e-3,18.41e-9,1.466e9,613.8e-12,613.8e-12
55,nom,27,163.6e-3,,451.7e-3,31.6e-9,850.7e6,1.058e-9,1.058e-9
61,nom,27,181.8e-3,,451.7e-3,54.02e-9,494.9e6,1.818e-9,1.818e-9
67,nom,27,200e-3,,451.7e-3,91.89e-9,288.9e6,3.115e-9,3.115e-9
73,nom,27,218.2e-3,,451.7e-3,155.3e-9,169.4e6,5.314e-9,5.314e-9
79,nom,27,236.4e-3,,451.7e-3,260.4e-9,99.85e6,9.013e-9,9.013e-9
85,nom,27,254.5e-3,,451.7e-3,432.1e-9,59.28e6,15.18e-9,15.18e-9
91,nom,27,272.7e-3,,451.7e-3,708.7e-9,35.49e6,25.36e-9,25.36e-9
97,nom,27,290.9e-3,,451.7e-3,1.146e-6,21.47e6,41.93e-9,41.93e-9
103,nom,27,309.1e-3,,451.7e-3,1.825e-6,13.14e6,68.5e-9,68.5e-9
109,nom,27,327.3e-3,,451.7e-3,2.857e-6,8.15e6,110.4e-9,110.4e-9
115,nom,27,345.5e-3,,451.7e-3,4.388e-6,5.131e6,175.4e-9,175.4e-9
121,nom,27,363.6e-3,,451.7e-3,6.604e-6,3.283e6,274.1e-9,274.1e-9
127,nom,27,381.8e-3,,451.7e-3,9.716e-6,2.138e6,421e-9,421e-9
133,nom,27,400e-3,,451.7e-3,13.93e-6,1.419e6,634.1e-9,634.1e-9
139,nom,27,418.2e-3,,451.7e-3,19.42e-6,962.3e3,935.3e-9,935.3e-9
145,nom,27,436.4e-3,,451.7e-3,26.26e-6,667.4e3,1.348e-6,1.348e-6
151,nom,27,454.5e-3,,451.7e-3,34.44e-6,474.1e3,1.898e-6,1.898e-6
157,nom,27,472.7e-3,,451.7e-3,43.83e-6,345.1e3,2.608e-6,2.608e-6
163,nom,27,490.9e-3,,451.7e-3,54.24e-6,257.3e3,3.498e-6,3.498e-6
169,nom,27,509.1e-3,,451.7e-3,65.42e-6,196.3e3,4.585e-6,4.585e-6
175,nom,27,527.3e-3,,451.7e-3,77.12e-6,153.1e3,5.88e-6,5.88e-6
181,nom,27,545.5e-3,,451.7e-3,89.11e-6,121.8e3,7.39e-6,7.39e-6
187,nom,27,563.6e-3,,451.7e-3,101.1e-6,98.69e3,9.12e-6,9.12e-6
193,nom,27,581.8e-3,,451.7e-3,113.1e-6,81.32e3,11.07e-6,11.07e-6
199,nom,27,600e-3,,451.7e-3,124.7e-6,68.03e3,13.23e-6,13.23e-6
205,nom,27,618.2e-3,,451.7e-3,136.1e-6,57.7e3,15.6e-6,15.6e-6
211,nom,27,636.4e-3,,451.7e-3,146.9e-6,49.53e3,18.17e-6,18.17e-6
217,nom,27,654.5e-3,,451.7e-3,157.4e-6,42.99e3,20.94e-6,20.94e-6
223,nom,27,672.7e-3,,451.7e-3,167.3e-6,37.68e3,23.89e-6,23.89e-6
229,nom,27,690.9e-3,,451.7e-3,176.8e-6,33.31e3,27.02e-6,27.02e-6
235,nom,27,709.1e-3,,451.7e-3,185.7e-6,29.69e3,30.31e-6,30.31e-6
241,nom,27,727.3e-3,,451.7e-3,194.2e-6,26.66e3,33.76e-6,33.76e-6
247,nom,27,745.5e-3,,451.7e-3,202.3e-6,24.09e3,37.37e-6,37.37e-6
253,nom,27,763.6e-3,,451.7e-3,209.9e-6,21.89e3,41.11e-6,41.11e-6
259,nom,27,781.8e-3,,451.7e-3,217.1e-6,20e3,44.99e-6,44.99e-6
265,nom,27,800e-3,,451.7e-3,223.9e-6,18.37e3,49e-6,49e-6
271,nom,27,818.2e-3,,451.7e-3,230.3e-6,16.94e3,53.13e-6,53.13e-6
277,nom,27,836.4e-3,,451.7e-3,236.4e-6,15.69e3,57.37e-6,57.37e-6
283,nom,27,854.5e-3,,451.7e-3,242.1e-6,14.58e3,61.71e-6,61.71e-6
289,nom,27,872.7e-3,,451.7e-3,247.5e-6,13.6e3,66.16e-6,66.16e-6
295,nom,27,890.9e-3,,451.7e-3,252.6e-6,12.73e3,70.7e-6,70.7e-6
301,nom,27,909.1e-3,,451.7e-3,257.4e-6,11.95e3,75.34e-6,75.34e-6
307,nom,27,927.3e-3,,451.7e-3,261.9e-6,11.24e3,80.06e-6,80.06e-6
313,nom,27,945.5e-3,,451.7e-3,266.1e-6,10.61e3,84.85e-6,84.85e-6
319,nom,27,963.6e-3,,451.7e-3,270.1e-6,10.03e3,89.72e-6,89.72e-6
325,nom,27,981.8e-3,,451.7e-3,273.8e-6,9.507e3,94.66e-6,94.66e-6
331,nom,27,1,,451.7e-3,277.3e-6,9.03e3,99.67e-6,99.67e-6
337,nom,27,1.018,,451.7e-3,280.6e-6,8.593e3,104.7e-6,104.7e-6
343,nom,27,1.036,,451.7e-3,283.6e-6,8.192e3,109.9e-6,109.9e-6
349,nom,27,1.055,,451.7e-3,286.5e-6,7.823e3,115e-6,115e-6
355,nom,27,1.073,,451.7e-3,289.1e-6,7.483e3,120.3e-6,120.3e-6
361,nom,27,1.091,,451.8e-3,291.6e-6,7.169e3,125.5e-6,125.5e-6
367,nom,27,1.109,,451.8e-3,293.8e-6,6.877e3,130.9e-6,130.9e-6
373,nom,27,1.127,,451.8e-3,295.9e-6,6.607e3,136.2e-6,136.2e-6
379,nom,27,1.145,,451.8e-3,297.8e-6,6.355e3,141.6e-6,141.6e-6
385,nom,27,1.164,,451.8e-3,299.6e-6,6.121e3,147e-6,147e-6
391,nom,27,1.182,,451.8e-3,301.2e-6,5.902e3,152.5e-6,152.5e-6
397,nom,27,1.2,,451.8e-3,302.6e-6,5.697e3,158e-6,158e-6
403,nom,27,1.218,,451.8e-3,303.9e-6,5.505e3,163.5e-6,163.5e-6
409,nom,27,1.236,,451.8e-3,305e-6,5.325e3,169e-6,169e-6
415,nom,27,1.255,,451.8e-3,306e-6,5.155e3,174.6e-6,174.6e-6
421,nom,27,1.273,,451.8e-3,306.9e-6,4.996e3,180.1e-6,180.1e-6
427,nom,27,1.291,,451.8e-3,307.7e-6,4.846e3,185.7e-6,185.7e-6
433,nom,27,1.309,,451.8e-3,308.3e-6,4.704e3,191.3e-6,191.3e-6
439,nom,27,1.327,,451.8e-3,308.8e-6,4.57e3,196.9e-6,196.9e-6
445,nom,27,1.345,,451.8e-3,309.2e-6,4.444e3,202.5e-6,202.5e-6
451,nom,27,1.364,,451.8e-3,309.4e-6,4.324e3,208.2e-6,208.2e-6
457,nom,27,1.382,,451.8e-3,309.6e-6,4.21e3,213.8e-6,213.8e-6
463,nom,27,1.4,,451.8e-3,309.7e-6,4.102e3,219.4e-6,219.4e-6
469,nom,27,1.418,,451.8e-3,309.6e-6,4e3,225e-6,225e-6
475,nom,27,1.436,,451.8e-3,309.5e-6,3.902e3,230.6e-6,230.6e-6
481,nom,27,1.455,,451.8e-3,309.2e-6,3.809e3,236.3e-6,236.3e-6
487,nom,27,1.473,,451.8e-3,308.8e-6,3.721e3,241.9e-6,241.9e-6
493,nom,27,1.491,,451.8e-3,308.4e-6,3.637e3,247.5e-6,247.5e-6
499,nom,27,1.509,,451.8e-3,307.9e-6,3.556e3,253.1e-6,253.1e-6
505,nom,27,1.527,,451.8e-3,307.2e-6,3.479e3,258.7e-6,258.7e-6
511,nom,27,1.545,,451.8e-3,306.5e-6,3.406e3,264.2e-6,264.2e-6
517,nom,27,1.564,,451.8e-3,305.7e-6,3.336e3,269.8e-6,269.8e-6
523,nom,27,1.582,,451.8e-3,304.8e-6,3.269e3,275.4e-6,275.4e-6
529,nom,27,1.6,,451.8e-3,303.8e-6,3.204e3,280.9e-6,280.9e-6
535,nom,27,1.618,,451.8e-3,302.7e-6,3.143e3,286.4e-6,286.4e-6
541,nom,27,1.636,,451.8e-3,301.5e-6,3.083e3,291.9e-6,291.9e-6
547,nom,27,1.655,,451.8e-3,300.3e-6,3.027e3,297.3e-6,297.3e-6
553,nom,27,1.673,,451.8e-3,298.9e-6,2.972e3,302.8e-6,302.8e-6
559,nom,27,1.691,,451.9e-3,297.5e-6,2.92e3,308.2e-6,308.2e-6
565,nom,27,1.709,,451.9e-3,296e-6,2.87e3,313.6e-6,313.6e-6
571,nom,27,1.727,,451.9e-3,294.3e-6,2.822e3,319e-6,319e-6
577,nom,27,1.745,,451.9e-3,292.6e-6,2.775e3,324.3e-6,324.3e-6
583,nom,27,1.764,,451.9e-3,290.8e-6,2.731e3,329.6e-6,329.6e-6
589,nom,27,1.782,,451.9e-3,288.9e-6,2.688e3,334.9e-6,334.9e-6
595,nom,27,1.8,,451.9e-3,286.9e-6,2.646e3,340.1e-6,340.1e-6
4,nom,67.5,0,,422.7e-3,1.449e-9,16.57e9,54.32e-12,54.31e-12
10,nom,67.5,18.18e-3,,422.7e-3,2.35e-9,10.2e9,88.21e-12,88.19e-12
16,nom,67.5,36.36e-3,,422.7e-3,3.81e-9,6.288e9,143.1e-12,143.1e-12
22,nom,67.5,54.55e-3,,422.7e-3,6.169e-9,3.877e9,232.1e-12,232.1e-12
28,nom,67.5,72.73e-3,,422.7e-3,9.976e-9,2.393e9,376.2e-12,376.2e-12
34,nom,67.5,90.91e-3,,422.7e-3,16.1e-9,1.478e9,608.9e-12,608.9e-12
40,nom,67.5,109.1e-3,,422.7e-3,25.95e-9,914.5e6,984.1e-12,984.1e-12
46,nom,67.5,127.3e-3,,422.7e-3,41.69e-9,566.8e6,1.588e-9,1.588e-9
52,nom,67.5,145.5e-3,,422.7e-3,66.77e-9,352.1e6,2.556e-9,2.556e-9
58,nom,67.5,163.6e-3,,422.7e-3,106.5e-9,219.3e6,4.104e-9,4.104e-9
64,nom,67.5,181.8e-3,,422.7e-3,169e-9,137.1e6,6.566e-9,6.566e-9
70,nom,67.5,200e-3,,422.7e-3,266.6e-9,86.03e6,10.46e-9,10.46e-9
76,nom,67.5,218.2e-3,,422.7e-3,417.7e-9,54.27e6,16.58e-9,16.58e-9
82,nom,67.5,236.4e-3,,422.7e-3,648.9e-9,34.44e6,26.13e-9,26.13e-9
88,nom,67.5,254.5e-3,,422.7e-3,998.7e-9,22.01e6,40.89e-9,40.89e-9
94,nom,67.5,272.7e-3,,422.7e-3,1.521e-6,14.17e6,63.49e-9,63.49e-9
100,nom,67.5,290.9e-3,,422.7e-3,2.292e-6,9.21e6,97.72e-9,97.72e-9
106,nom,67.5,309.1e-3,,422.7e-3,3.412e-6,6.042e6,149e-9,149e-9
112,nom,67.5,327.3e-3,,422.7e-3,5.012e-6,4.005e6,224.7e-9,224.7e-9
118,nom,67.5,345.5e-3,,422.7e-3,7.25e-6,2.686e6,335.1e-9,335.1e-9
124,nom,67.5,363.6e-3,,422.7e-3,10.3e-6,1.825e6,493.3e-9,493.3e-9
130,nom,67.5,381.8e-3,,422.7e-3,14.34e-6,1.258e6,715.6e-9,715.6e-9
136,nom,67.5,400e-3,,422.7e-3,19.47e-6,881.3e3,1.021e-6,1.021e-6
142,nom,67.5,418.2e-3,,422.7e-3,25.74e-6,629.2e3,1.43e-6,1.43e-6
148,nom,67.5,436.4e-3,,422.7e-3,33.11e-6,458.3e3,1.964e-6,1.964e-6
154,nom,67.5,454.5e-3,,422.7e-3,41.41e-6,340.9e3,2.64e-6,2.64e-6
160,nom,67.5,472.7e-3,,422.7e-3,50.46e-6,259.1e3,3.474e-6,3.474e-6
166,nom,67.5,490.9e-3,,422.7e-3,60.02e-6,201e3,4.478e-6,4.478e-6
172,nom,67.5,509.1e-3,,422.7e-3,69.88e-6,159.1e3,5.658e-6,5.658e-6
178,nom,67.5,527.3e-3,,422.7e-3,79.84e-6,128.2e3,7.019e-6,7.019e-6
184,nom,67.5,545.5e-3,,422.7e-3,89.75e-6,105.1e3,8.56e-6,8.56e-6
190,nom,67.5,563.6e-3,,422.7e-3,99.49e-6,87.54e3,10.28e-6,10.28e-6
196,nom,67.5,581.8e-3,,422.7e-3,109e-6,73.92e3,12.18e-6,12.18e-6
202,nom,67.5,600e-3,,422.7e-3,118.2e-6,63.2e3,14.24e-6,14.24e-6
208,nom,67.5,618.2e-3,,422.7e-3,127e-6,54.65e3,16.47e-6,16.47e-6
214,nom,67.5,636.4e-3,,422.7e-3,135.5e-6,47.73e3,18.86e-6,18.86e-6
220,nom,67.5,654.5e-3,,422.7e-3,143.7e-6,42.07e3,21.39e-6,21.39e-6
226,nom,67.5,672.7e-3,,422.7e-3,151.4e-6,37.38e3,24.08e-6,24.08e-6
232,nom,67.5,690.9e-3,,422.7e-3,158.9e-6,33.46e3,26.9e-6,26.9e-6
238,nom,67.5,709.1e-3,,422.7e-3,166e-6,30.15e3,29.85e-6,29.85e-6
244,nom,67.5,727.3e-3,,422.7e-3,172.8e-6,27.33e3,32.93e-6,32.93e-6
250,nom,67.5,745.5e-3,,422.7e-3,179.2e-6,24.91e3,36.13e-6,36.13e-6
256,nom,67.5,763.6e-3,,422.7e-3,185.4e-6,22.82e3,39.44e-6,39.44e-6
262,nom,67.5,781.8e-3,,422.7e-3,191.3e-6,21e3,42.86e-6,42.86e-6
268,nom,67.5,800e-3,,422.7e-3,196.9e-6,19.4e3,46.39e-6,46.39e-6
274,nom,67.5,818.2e-3,,422.7e-3,202.2e-6,17.99e3,50.02e-6,50.02e-6
280,nom,67.5,836.4e-3,,422.7e-3,207.2e-6,16.75e3,53.74e-6,53.74e-6
286,nom,67.5,854.5e-3,,422.7e-3,212.1e-6,15.64e3,57.55e-6,57.55e-6
292,nom,67.5,872.7e-3,,422.7e-3,216.6e-6,14.65e3,61.44e-6,61.44e-6
298,nom,67.5,890.9e-3,,422.7e-3,221e-6,13.76e3,65.42e-6,65.42e-6
304,nom,67.5,909.1e-3,,422.7e-3,225.1e-6,12.95e3,69.47e-6,69.47e-6
310,nom,67.5,927.3e-3,,422.7e-3,229e-6,12.23e3,73.6e-6,73.6e-6
316,nom,67.5,945.5e-3,,422.7e-3,232.7e-6,11.57e3,77.79e-6,77.79e-6
322,nom,67.5,963.6e-3,,422.7e-3,236.2e-6,10.97e3,82.05e-6,82.05e-6
328,nom,67.5,981.8e-3,,422.7e-3,239.5e-6,10.42e3,86.38e-6,86.38e-6
334,nom,67.5,1,,422.7e-3,242.7e-6,9.917e3,90.76e-6,90.76e-6
340,nom,67.5,1.018,,422.7e-3,245.6e-6,9.454e3,95.19e-6,95.19e-6
346,nom,67.5,1.036,,422.8e-3,248.4e-6,9.029e3,99.68e-6,99.68e-6
352,nom,67.5,1.055,,422.8e-3,251e-6,8.636e3,104.2e-6,104.2e-6
358,nom,67.5,1.073,,422.8e-3,253.4e-6,8.272e3,108.8e-6,108.8e-6
364,nom,67.5,1.091,,422.8e-3,255.7e-6,7.935e3,113.4e-6,113.4e-6
370,nom,67.5,1.109,,422.8e-3,257.8e-6,7.621e3,118.1e-6,118.1e-6
376,nom,67.5,1.127,,422.8e-3,259.8e-6,7.329e3,122.8e-6,122.8e-6
382,nom,67.5,1.145,,422.8e-3,261.7e-6,7.057e3,127.5e-6,127.5e-6
388,nom,67.5,1.164,,422.8e-3,263.4e-6,6.803e3,132.3e-6,132.3e-6
394,nom,67.5,1.182,,422.8e-3,265e-6,6.564e3,137.1e-6,137.1e-6
400,nom,67.5,1.2,,422.8e-3,266.4e-6,6.341e3,141.9e-6,141.9e-6
406,nom,67.5,1.218,,422.8e-3,267.7e-6,6.132e3,146.8e-6,146.8e-6
412,nom,67.5,1.236,,422.8e-3,268.9e-6,5.934e3,151.7e-6,151.7e-6
418,nom,67.5,1.255,,422.8e-3,270e-6,5.749e3,156.6e-6,156.6e-6
424,nom,67.5,1.273,,422.8e-3,270.9e-6,5.574e3,161.5e-6,161.5e-6
430,nom,67.5,1.291,,422.8e-3,271.8e-6,5.409e3,166.4e-6,166.4e-6
436,nom,67.5,1.309,,422.8e-3,272.5e-6,5.253e3,171.3e-6,171.3e-6
442,nom,67.5,1.327,,422.8e-3,273.1e-6,5.105e3,176.3e-6,176.3e-6
448,nom,67.5,1.345,,422.8e-3,273.6e-6,4.965e3,181.3e-6,181.3e-6
454,nom,67.5,1.364,,422.8e-3,274e-6,4.833e3,186.2e-6,186.2e-6
460,nom,67.5,1.382,,422.8e-3,274.4e-6,4.707e3,191.2e-6,191.2e-6
466,nom,67.5,1.4,,422.8e-3,274.6e-6,4.587e3,196.2e-6,196.2e-6
472,nom,67.5,1.418,,422.8e-3,274.7e-6,4.473e3,201.2e-6,201.2e-6
478,nom,67.5,1.436,,422.8e-3,274.7e-6,4.365e3,206.2e-6,206.2e-6
484,nom,67.5,1.455,,422.8e-3,274.6e-6,4.262e3,211.2e-6,211.2e-6
490,nom,67.5,1.473,,422.8e-3,274.4e-6,4.164e3,216.2e-6,216.2e-6
496,nom,67.5,1.491,,422.8e-3,274.2e-6,4.07e3,221.1e-6,221.1e-6
502,nom,67.5,1.509,,422.8e-3,273.8e-6,3.98e3,226.1e-6,226.1e-6
508,nom,67.5,1.527,,422.8e-3,273.4e-6,3.895e3,231.1e-6,231.1e-6
514,nom,67.5,1.545,,422.8e-3,272.8e-6,3.813e3,236.1e-6,236.1e-6
520,nom,67.5,1.564,,422.8e-3,272.2e-6,3.734e3,241e-6,241e-6
526,nom,67.5,1.582,,422.8e-3,271.4e-6,3.659e3,245.9e-6,245.9e-6
532,nom,67.5,1.6,,422.8e-3,270.6e-6,3.588e3,250.9e-6,250.9e-6
538,nom,67.5,1.618,,422.8e-3,269.7e-6,3.519e3,255.8e-6,255.8e-6
544,nom,67.5,1.636,,422.8e-3,268.7e-6,3.453e3,260.7e-6,260.7e-6
550,nom,67.5,1.655,,422.8e-3,267.6e-6,3.389e3,265.5e-6,265.5e-6
556,nom,67.5,1.673,,422.8e-3,266.4e-6,3.329e3,270.4e-6,270.4e-6
562,nom,67.5,1.691,,422.8e-3,265.1e-6,3.27e3,275.2e-6,275.2e-6
568,nom,67.5,1.709,,422.8e-3,263.7e-6,3.214e3,280e-6,280e-6
574,nom,67.5,1.727,,422.9e-3,262.2e-6,3.16e3,284.8e-6,284.8e-6
580,nom,67.5,1.745,,422.9e-3,260.6e-6,3.108e3,289.5e-6,289.5e-6
586,nom,67.5,1.764,,422.9e-3,258.9e-6,3.058e3,294.3e-6,294.3e-6
592,nom,67.5,1.782,,422.9e-3,257.1e-6,3.011e3,299e-6,299e-6
598,nom,67.5,1.8,,422.9e-3,255.2e-6,2.964e3,303.6e-6,303.6e-6
5,nom,121.2,0,,384.2e-3,9.075e-9,2.272e9,396.7e-12,396.2e-12
11,nom,121.2,18.18e-3,,384.2e-3,13.73e-9,1.498e9,601.1e-12,600.6e-12
17,nom,121.2,36.36e-3,,384.2e-3,20.74e-9,989.4e6,910.1e-12,909.6e-12
23,nom,121.2,54.55e-3,,384.2e-3,31.27e-9,654.1e6,1.376e-9,1.376e-9
29,nom,121.2,72.73e-3,,384.2e-3,47.04e-9,433.1e6,2.079e-9,2.078e-9
35,nom,121.2,90.91e-3,,384.2e-3,70.61e-9,287.2e6,3.134e-9,3.134e-9
41,nom,121.2,109.1e-3,,384.2e-3,105.7e-9,190.9e6,4.716e-9,4.715e-9
47,nom,121.2,127.3e-3,,384.2e-3,157.5e-9,127.2e6,7.078e-9,7.077e-9
53,nom,121.2,145.5e-3,,384.2e-3,233.9e-9,84.97e6,10.59e-9,10.59e-9
59,nom,121.2,163.6e-3,,384.2e-3,345.8e-9,56.97e6,15.8e-9,15.8e-9
65,nom,121.2,181.8e-3,,384.2e-3,508.4e-9,38.34e6,23.47e-9,23.47e-9
71,nom,121.2,200e-3,,384.2e-3,743.2e-9,25.92e6,34.72e-9,34.72e-9
77,nom,121.2,218.2e-3,,384.2e-3,1.08e-6,17.61e6,51.11e-9,51.11e-9
83,nom,121.2,236.4e-3,,384.2e-3,1.558e-6,12.03e6,74.84e-9,74.84e-9
89,nom,121.2,254.5e-3,,384.2e-3,2.232e-6,8.261e6,108.9e-9,108.9e-9
95,nom,121.2,272.7e-3,,384.2e-3,3.174e-6,5.71e6,157.6e-9,157.6e-9
101,nom,121.2,290.9e-3,,384.2e-3,4.476e-6,3.973e6,226.6e-9,226.6e-9
107,nom,121.2,309.1e-3,,384.2e-3,6.25e-6,2.784e6,323.3e-9,323.3e-9
113,nom,121.2,327.3e-3,,384.2e-3,8.624e-6,1.967e6,457.5e-9,457.5e-9
119,nom,121.2,345.5e-3,,384.2e-3,11.73e-6,1.403e6,641.3e-9,641.3e-9
125,nom,121.2,363.6e-3,,384.2e-3,15.67e-6,1.012e6,889e-9,889e-9
131,nom,121.2,381.8e-3,,384.2e-3,20.52e-6,739.7e3,1.217e-6,1.217e-6
137,nom,121.2,400e-3,,384.2e-3,26.28e-6,548.5e3,1.641e-6,1.641e-6
143,nom,121.2,418.2e-3,,384.2e-3,32.86e-6,413.4e3,2.177e-6,2.177e-6
149,nom,121.2,436.4e-3,,384.2e-3,40.13e-6,316.9e3,2.84e-6,2.84e-6
155,nom,121.2,454.5e-3,,384.2e-3,47.91e-6,247.3e3,3.639e-6,3.639e-6
161,nom,121.2,472.7e-3,,384.2e-3,55.99e-6,196.4e3,4.583e-6,4.583e-6
167,nom,121.2,490.9e-3,,384.2e-3,64.18e-6,158.6e3,5.676e-6,5.676e-6
173,nom,121.2,509.1e-3,,384.2e-3,72.35e-6,130.1e3,6.917e-6,6.917e-6
179,nom,121.2,527.3e-3,,384.2e-3,80.36e-6,108.4e3,8.305e-6,8.305e-6
185,nom,121.2,545.5e-3,,384.2e-3,88.14e-6,91.49e3,9.837e-6,9.837e-6
191,nom,121.2,563.6e-3,,384.2e-3,95.64e-6,78.21e3,11.51e-6,11.51e-6
197,nom,121.2,581.8e-3,,384.2e-3,102.8e-6,67.61e3,13.31e-6,13.31e-6
203,nom,121.2,600e-3,,384.2e-3,109.7e-6,59.04e3,15.24e-6,15.24e-6
209,nom,121.2,618.2e-3,,384.2e-3,116.3e-6,52.03e3,17.3e-6,17.3e-6
215,nom,121.2,636.4e-3,,384.2e-3,122.6e-6,46.22e3,19.47e-6,19.47e-6
221,nom,121.2,654.5e-3,,384.2e-3,128.6e-6,41.37e3,21.75e-6,21.75e-6
227,nom,121.2,672.7e-3,,384.2e-3,134.4e-6,37.28e3,24.14e-6,24.14e-6
233,nom,121.2,690.9e-3,,384.2e-3,139.9e-6,33.79e3,26.64e-6,26.64e-6
239,nom,121.2,709.1e-3,,384.2e-3,145.2e-6,30.79e3,29.23e-6,29.23e-6
245,nom,121.2,727.3e-3,,384.2e-3,150.3e-6,28.2e3,31.91e-6,31.91e-6
251,nom,121.2,745.5e-3,,384.2e-3,155.2e-6,25.94e3,34.69e-6,34.69e-6
257,nom,121.2,763.6e-3,,384.2e-3,159.8e-6,23.97e3,37.55e-6,37.55e-6
263,nom,121.2,781.8e-3,,384.2e-3,164.3e-6,22.22e3,40.5e-6,40.5e-6
269,nom,121.2,800e-3,,384.2e-3,168.6e-6,20.68e3,43.52e-6,43.52e-6
275,nom,121.2,818.2e-3,,384.2e-3,172.7e-6,19.3e3,46.63e-6,46.63e-6
281,nom,121.2,836.4e-3,,384.2e-3,176.7e-6,18.07e3,49.8e-6,49.8e-6
287,nom,121.2,854.5e-3,,384.3e-3,180.5e-6,16.97e3,53.05e-6,53.05e-6
293,nom,121.2,872.7e-3,,384.3e-3,184.1e-6,15.97e3,56.36e-6,56.36e-6
299,nom,121.2,890.9e-3,,384.3e-3,187.6e-6,15.07e3,59.74e-6,59.74e-6
305,nom,121.2,909.1e-3,,384.3e-3,190.9e-6,14.25e3,63.18e-6,63.18e-6
311,nom,121.2,927.3e-3,,384.3e-3,194.1e-6,13.5e3,66.68e-6,66.68e-6
317,nom,121.2,945.5e-3,,384.3e-3,197.1e-6,12.81e3,70.23e-6,70.23e-6
323,nom,121.2,963.6e-3,,384.3e-3,200e-6,12.19e3,73.84e-6,73.84e-6
329,nom,121.2,981.8e-3,,384.3e-3,202.8e-6,11.61e3,77.5e-6,77.5e-6
335,nom,121.2,1,,384.3e-3,205.4e-6,11.08e3,81.21e-6,81.21e-6
341,nom,121.2,1.018,,384.3e-3,207.9e-6,10.59e3,84.97e-6,84.97e-6
347,nom,121.2,1.036,,384.3e-3,210.3e-6,10.14e3,88.77e-6,88.77e-6
353,nom,121.2,1.055,,384.3e-3,212.5e-6,9.718e3,92.61e-6,92.61e-6
359,nom,121.2,1.073,,384.3e-3,214.7e-6,9.327e3,96.49e-6,96.49e-6
365,nom,121.2,1.091,,384.3e-3,216.7e-6,8.963e3,100.4e-6,100.4e-6
371,nom,121.2,1.109,,384.3e-3,218.6e-6,8.624e3,104.4e-6,104.4e-6
377,nom,121.2,1.127,,384.3e-3,220.3e-6,8.306e3,108.4e-6,108.4e-6
383,nom,121.2,1.145,,384.3e-3,222e-6,8.009e3,112.4e-6,112.4e-6
389,nom,121.2,1.164,,384.3e-3,223.6e-6,7.731e3,116.4e-6,116.4e-6
395,nom,121.2,1.182,,384.3e-3,225e-6,7.469e3,120.5e-6,120.5e-6
401,nom,121.2,1.2,,384.3e-3,226.4e-6,7.223e3,124.6e-6,124.6e-6
407,nom,121.2,1.218,,384.3e-3,227.6e-6,6.992e3,128.7e-6,128.7e-6
413,nom,121.2,1.236,,384.3e-3,228.8e-6,6.774e3,132.9e-6,132.9e-6
419,nom,121.2,1.255,,384.3e-3,229.8e-6,6.568e3,137e-6,137e-6
425,nom,121.2,1.273,,384.3e-3,230.8e-6,6.373e3,141.2e-6,141.2e-6
431,nom,121.2,1.291,,384.3e-3,231.6e-6,6.189e3,145.4e-6,145.4e-6
437,nom,121.2,1.309,,384.3e-3,232.4e-6,6.015e3,149.6e-6,149.6e-6
443,nom,121.2,1.327,,384.3e-3,233.1e-6,5.849e3,153.9e-6,153.9e-6
449,nom,121.2,1.345,,384.3e-3,233.7e-6,5.693e3,158.1e-6,158.1e-6
455,nom,121.2,1.364,,384.3e-3,234.1e-6,5.544e3,162.4e-6,162.4e-6
461,nom,121.2,1.382,,384.3e-3,234.5e-6,5.402e3,166.6e-6,166.6e-6
467,nom,121.2,1.4,,384.3e-3,234.9e-6,5.267e3,170.9e-6,170.9e-6
473,nom,121.2,1.418,,384.3e-3,235.1e-6,5.139e3,175.1e-6,175.1e-6
479,nom,121.2,1.436,,384.3e-3,235.2e-6,5.016e3,179.4e-6,179.4e-6
485,nom,121.2,1.455,,384.3e-3,235.3e-6,4.9e3,183.7e-6,183.7e-6
491,nom,121.2,1.473,,384.3e-3,235.2e-6,4.788e3,188e-6,188e-6
497,nom,121.2,1.491,,384.3e-3,235.1e-6,4.682e3,192.2e-6,192.2e-6
503,nom,121.2,1.509,,384.3e-3,234.9e-6,4.58e3,196.5e-6,196.5e-6
509,nom,121.2,1.527,,384.3e-3,234.6e-6,4.483e3,200.8e-6,200.8e-6
515,nom,121.2,1.545,,384.3e-3,234.2e-6,4.39e3,205e-6,205e-6
521,nom,121.2,1.564,,384.3e-3,233.7e-6,4.3e3,209.3e-6,209.3e-6
527,nom,121.2,1.582,,384.3e-3,233.1e-6,4.215e3,213.5e-6,213.5e-6
533,nom,121.2,1.6,,384.3e-3,232.4e-6,4.133e3,217.8e-6,217.8e-6
539,nom,121.2,1.618,,384.3e-3,231.7e-6,4.055e3,222e-6,222e-6
545,nom,121.2,1.636,,384.3e-3,230.8e-6,3.979e3,226.2e-6,226.2e-6
551,nom,121.2,1.655,,384.4e-3,229.9e-6,3.907e3,230.4e-6,230.4e-6
557,nom,121.2,1.673,,384.4e-3,228.8e-6,3.838e3,234.5e-6,234.5e-6
563,nom,121.2,1.691,,384.4e-3,227.7e-6,3.771e3,238.7e-6,238.7e-6
569,nom,121.2,1.709,,384.4e-3,226.4e-6,3.707e3,242.8e-6,242.8e-6
575,nom,121.2,1.727,,384.4e-3,225e-6,3.645e3,246.9e-6,246.9e-6
581,nom,121.2,1.745,,384.4e-3,223.6e-6,3.586e3,251e-6,251e-6
587,nom,121.2,1.764,,384.4e-3,222.1e-6,3.529e3,255e-6,255e-6
593,nom,121.2,1.782,,384.4e-3,220.4e-6,3.474e3,259e-6,259e-6
599,nom,121.2,1.8,,384.4e-3,218.7e-6,3.422e3,263e-6,263e-6
6,nom,175,0,,345.7e-3,35.56e-9,505.1e6,1.792e-9,1.782e-9
12,nom,175,18.18e-3,,345.7e-3,50.9e-9,351.6e6,2.57e-9,2.56e-9
18,nom,175,36.36e-3,,345.7e-3,72.71e-9,245.1e6,3.682e-9,3.672e-9
24,nom,175,54.55e-3,,345.7e-3,103.6e-9,171.1e6,5.269e-9,5.259e-9
30,nom,175,72.73e-3,,345.7e-3,147.3e-9,119.7e6,7.528e-9,7.517e-9
36,nom,175,90.91e-3,,345.7e-3,208.7e-9,83.94e6,10.73e-9,10.72e-9
42,nom,175,109.1e-3,,345.7e-3,294.8e-9,58.99e6,15.27e-9,15.26e-9
48,nom,175,127.3e-3,,345.7e-3,414.9e-9,41.57e6,21.66e-9,21.65e-9
54,nom,175,145.5e-3,,345.7e-3,581.5e-9,29.39e6,30.64e-9,30.62e-9
60,nom,175,163.6e-3,,345.7e-3,811.7e-9,20.84e6,43.19e-9,43.18e-9
66,nom,175,181.8e-3,,345.7e-3,1.128e-6,14.84e6,60.67e-9,60.66e-9
72,nom,175,200e-3,,345.7e-3,1.56e-6,10.6e6,84.91e-9,84.9e-9
78,nom,175,218.2e-3,,345.7e-3,2.148e-6,7.605e6,118.4e-9,118.3e-9
84,nom,175,236.4e-3,,345.7e-3,2.943e-6,5.479e6,164.3e-9,164.3e-9
90,nom,175,254.5e-3,,345.7e-3,4.008e-6,3.965e6,227e-9,227e-9
96,nom,175,272.7e-3,,345.7e-3,5.424e-6,2.883e6,312.1e-9,312.1e-9
102,nom,175,290.9e-3,,345.7e-3,7.28e-6,2.108e6,426.9e-9,426.9e-9
108,nom,175,309.1e-3,,345.7e-3,9.673e-6,1.551e6,580.1e-9,580.1e-9
114,nom,175,327.3e-3,,345.7e-3,12.7e-6,1.15e6,782.4e-9,782.4e-9
120,nom,175,345.5e-3,,345.7e-3,16.42e-6,860.4e3,1.046e-6,1.046e-6
126,nom,175,363.6e-3,,345.7e-3,20.87e-6,650.4e3,1.384e-6,1.384e-6
132,nom,175,381.8e-3,,345.7e-3,26.04e-6,497.5e3,1.809e-6,1.809e-6
138,nom,175,400e-3,,345.7e-3,31.85e-6,385.5e3,2.334e-6,2.334e-6
144,nom,175,418.2e-3,,345.7e-3,38.19e-6,303e3,2.97e-6,2.97e-6
150,nom,175,436.4e-3,,345.8e-3,44.9e-6,241.6e3,3.725e-6,3.725e-6
156,nom,175,454.5e-3,,345.8e-3,51.82e-6,195.5e3,4.604e-6,4.604e-6
162,nom,175,472.7e-3,,345.8e-3,58.79e-6,160.4e3,5.609e-6,5.609e-6
168,nom,175,490.9e-3,,345.8e-3,65.69e-6,133.5e3,6.741e-6,6.741e-6
174,nom,175,509.1e-3,,345.8e-3,72.42e-6,112.5e3,7.997e-6,7.997e-6
180,nom,175,527.3e-3,,345.8e-3,78.89e-6,96.03e3,9.373e-6,9.372e-6
186,nom,175,545.5e-3,,345.8e-3,85.09e-6,82.85e3,10.86e-6,10.86e-6
192,nom,175,563.6e-3,,345.8e-3,90.98e-6,72.21e3,12.46e-6,12.46e-6
198,nom,175,581.8e-3,,345.8e-3,96.57e-6,63.52e3,14.17e-6,14.17e-6
204,nom,175,600e-3,,345.8e-3,101.9e-6,56.35e3,15.97e-6,15.97e-6
210,nom,175,618.2e-3,,345.8e-3,106.9e-6,50.36e3,17.87e-6,17.87e-6
216,nom,175,636.4e-3,,345.8e-3,111.7e-6,45.32e3,19.86e-6,19.86e-6
222,nom,175,654.5e-3,,345.8e-3,116.3e-6,41.04e3,21.93e-6,21.93e-6
228,nom,175,672.7e-3,,345.8e-3,120.6e-6,37.37e3,24.08e-6,24.08e-6
234,nom,175,690.9e-3,,345.8e-3,124.8e-6,34.2e3,26.31e-6,26.31e-6
240,nom,175,709.1e-3,,345.8e-3,128.8e-6,31.45e3,28.62e-6,28.62e-6
246,nom,175,727.3e-3,,345.8e-3,132.6e-6,29.04e3,30.99e-6,30.99e-6
252,nom,175,745.5e-3,,345.8e-3,136.3e-6,26.92e3,33.44e-6,33.44e-6
258,nom,175,763.6e-3,,345.8e-3,139.9e-6,25.04e3,35.95e-6,35.95e-6
264,nom,175,781.8e-3,,345.8e-3,143.3e-6,23.36e3,38.52e-6,38.52e-6
270,nom,175,800e-3,,345.8e-3,146.6e-6,21.87e3,41.16e-6,41.16e-6
276,nom,175,818.2e-3,,345.8e-3,149.8e-6,20.52e3,43.85e-6,43.85e-6
282,nom,175,836.4e-3,,345.8e-3,152.9e-6,19.31e3,46.6e-6,46.6e-6
288,nom,175,854.5e-3,,345.8e-3,155.9e-6,18.22e3,49.41e-6,49.41e-6
294,nom,175,872.7e-3,,345.8e-3,158.7e-6,17.22e3,52.27e-6,52.27e-6
300,nom,175,890.9e-3,,345.8e-3,161.5e-6,16.31e3,55.18e-6,55.18e-6
306,nom,175,909.1e-3,,345.8e-3,164.1e-6,15.48e3,58.13e-6,58.13e-6
312,nom,175,927.3e-3,,345.8e-3,166.7e-6,14.72e3,61.14e-6,61.14e-6
318,nom,175,945.5e-3,,345.8e-3,169.1e-6,14.02e3,64.19e-6,64.19e-6
324,nom,175,963.6e-3,,345.8e-3,171.5e-6,13.38e3,67.29e-6,67.29e-6
330,nom,175,981.8e-3,,345.8e-3,173.7e-6,12.78e3,70.42e-6,70.42e-6
336,nom,175,1,,345.8e-3,175.9e-6,12.23e3,73.6e-6,73.6e-6
342,nom,175,1.018,,345.8e-3,178e-6,11.72e3,76.82e-6,76.82e-6
348,nom,175,1.036,,345.8e-3,179.9e-6,11.24e3,80.07e-6,80.07e-6
354,nom,175,1.055,,345.8e-3,181.8e-6,10.8e3,83.36e-6,83.36e-6
360,nom,175,1.073,,345.8e-3,183.6e-6,10.38e3,86.68e-6,86.68e-6
366,nom,175,1.091,,345.8e-3,185.3e-6,9.997e3,90.03e-6,90.03e-6
372,nom,175,1.109,,345.8e-3,187e-6,9.635e3,93.41e-6,93.41e-6
378,nom,175,1.127,,345.8e-3,188.5e-6,9.295e3,96.82e-6,96.82e-6
384,nom,175,1.145,,345.8e-3,189.9e-6,8.976e3,100.3e-6,100.3e-6
390,nom,175,1.164,,345.8e-3,191.3e-6,8.677e3,103.7e-6,103.7e-6
396,nom,175,1.182,,345.8e-3,192.6e-6,8.394e3,107.2e-6,107.2e-6
402,nom,175,1.2,,345.8e-3,193.8e-6,8.128e3,110.7e-6,110.7e-6
408,nom,175,1.218,,345.8e-3,194.9e-6,7.877e3,114.3e-6,114.3e-6
414,nom,175,1.236,,345.8e-3,196e-6,7.64e3,117.8e-6,117.8e-6
420,nom,175,1.255,,345.8e-3,196.9e-6,7.415e3,121.4e-6,121.4e-6
426,nom,175,1.273,,345.8e-3,197.8e-6,7.202e3,125e-6,125e-6
432,nom,175,1.291,,345.8e-3,198.6e-6,7e3,128.6e-6,128.6e-6
438,nom,175,1.309,,345.8e-3,199.3e-6,6.809e3,132.2e-6,132.2e-6
444,nom,175,1.327,,345.8e-3,200e-6,6.627e3,135.8e-6,135.8e-6
450,nom,175,1.345,,345.8e-3,200.5e-6,6.454e3,139.4e-6,139.4e-6
456,nom,175,1.364,,345.8e-3,201e-6,6.289e3,143.1e-6,143.1e-6
462,nom,175,1.382,,345.8e-3,201.4e-6,6.133e3,146.8e-6,146.8e-6
468,nom,175,1.4,,345.8e-3,201.8e-6,5.983e3,150.4e-6,150.4e-6
474,nom,175,1.418,,345.8e-3,202e-6,5.841e3,154.1e-6,154.1e-6
480,nom,175,1.436,,345.8e-3,202.2e-6,5.705e3,157.8e-6,157.8e-6
486,nom,175,1.455,,345.8e-3,202.3e-6,5.575e3,161.4e-6,161.4e-6
492,nom,175,1.473,,345.8e-3,202.3e-6,5.451e3,165.1e-6,165.1e-6
498,nom,175,1.491,,345.8e-3,202.2e-6,5.332e3,168.8e-6,168.8e-6
504,nom,175,1.509,,345.8e-3,202.1e-6,5.219e3,172.5e-6,172.5e-6
510,nom,175,1.527,,345.8e-3,201.8e-6,5.11e3,176.1e-6,176.1e-6
516,nom,175,1.545,,345.9e-3,201.5e-6,5.006e3,179.8e-6,179.8e-6
522,nom,175,1.564,,345.9e-3,201.1e-6,4.906e3,183.4e-6,183.4e-6
528,nom,175,1.582,,345.9e-3,200.6e-6,4.81e3,187.1e-6,187.1e-6
534,nom,175,1.6,,345.9e-3,200e-6,4.719e3,190.7e-6,190.7e-6
540,nom,175,1.618,,345.9e-3,199.3e-6,4.631e3,194.4e-6,194.4e-6
546,nom,175,1.636,,345.9e-3,198.5e-6,4.546e3,198e-6,198e-6
552,nom,175,1.655,,345.9e-3,197.7e-6,4.465e3,201.6e-6,201.6e-6
558,nom,175,1.673,,345.9e-3,196.7e-6,4.387e3,205.2e-6,205.2e-6
564,nom,175,1.691,,345.9e-3,195.7e-6,4.312e3,208.7e-6,208.7e-6
570,nom,175,1.709,,345.9e-3,194.6e-6,4.24e3,212.3e-6,212.3e-6
576,nom,175,1.727,,345.9e-3,193.4e-6,4.171e3,215.8e-6,215.8e-6
582,nom,175,1.745,,345.9e-3,192.1e-6,4.104e3,219.3e-6,219.3e-6
588,nom,175,1.764,,345.9e-3,190.7e-6,4.04e3,222.8e-6,222.8e-6
594,nom,175,1.782,,345.9e-3,189.3e-6,3.978e3,226.2e-6,226.2e-6
600,nom,175,1.8,,345.9e-3,187.8e-6,3.919e3,229.7e-6,229.7e-6

